place,lat,lon
Amsterdam,52.37,4.895
Ancona,43.616,13.519
Arlon,49.683,5.817
Arta,39.16,20.985
Athens,37.984,23.728
Bar,42.093,19.1
Belfort,47.638,6.863
Belgrade,44.817,20.457
Berlin,52.52,13.405
Bern,46.948,7.447
Bolhrad,45.681,28.613
Bologna,44.494,11.343
Bremen,53.079,8.802
Brescia,45.541,10.219
Brunswick,52.269,10.521
Brussels,50.85,4.352
Bucharest,44.426,26.103
Budapest,47.498,19.04
Cetinje,42.39,18.914
Chambéry,45.564,5.918
Chișinău,47.011,28.863
Colmar,48.079,7.358
Cologne,50.938,6.96
Constanța,44.16,28.635
Copenhagen,55.676,12.568
Corfu,39.624,19.922
Darmstadt,49.873,8.651
Dessau,51.835,12.246
Detmold,51.938,8.88
Dresden,51.05,13.738
Dublin,53.349,-6.26
Dubrovnik,42.65,18.094
Edirne,41.677,26.556
Flensburg,54.784,9.435
Florence,43.77,11.255
Frankfurt,50.11,8.682
Gdańsk,54.352,18.647
Geneva,46.204,6.143
Giessen,50.584,8.678
Gotha,50.949,10.702
Görlitz,51.153,14.987
Haderslev,55.249,9.488
Hamburg,53.551,9.994
Hanover,52.375,9.732
Hasselt,50.931,5.338
Hechingen,48.352,8.963
Heligoland,54.182,7.886
Helsinki,60.17,24.938
Heraklion,35.339,25.144
Iași,47.159,27.587
Innsbruck,47.269,11.404
Istanbul,41.008,28.978
Izmail,45.351,28.837
Karlsruhe,49.007,8.404
Kassel,51.312,9.479
Kiel,54.323,10.123
Kraków,50.062,19.937
Landau,49.198,8.117
Larissa,39.639,22.419
Lisbon,38.722,-9.139
Ljubljana,46.051,14.506
London,51.507,-0.128
Lucca,43.843,10.505
Luxembourg,49.611,6.13
Maastricht,50.851,5.691
Madrid,40.417,-3.704
Menton,43.776,7.504
Metz,49.119,6.176
Milan,45.464,9.19
Modena,44.647,10.925
Mostar,43.343,17.808
Mulhouse,47.75,7.336
Munich,48.137,11.576
Nafplio,37.568,22.806
Naples,40.852,14.268
Neuchâtel,46.992,6.931
Neustrelitz,53.364,13.063
Nice,43.703,7.266
Nicosia,35.176,33.365
Nikšić,42.773,18.945
Niš,43.321,21.896
Oldenburg,53.141,8.214
Olivenza,38.686,-7.101
Oslo,59.913,10.752
Osnabrück,52.279,8.047
Palermo,38.116,13.361
Paris,48.857,2.352
Parma,44.801,10.328
Perugia,43.111,12.389
Philippeville,50.196,4.543
Pirot,43.153,22.586
Plovdiv,42.15,24.75
Podgorica,42.441,19.263
Poznań,52.406,16.925
Ratzeburg,53.699,10.757
Riga,56.95,24.105
Rome,41.899,12.473
Rudolstadt,50.72,11.34
Saarlouis,49.314,6.752
Salzburg,47.8,13.044
Sarajevo,43.856,18.413
Schwerin,53.635,11.401
Silistra,44.117,27.26
Sofia,42.698,23.322
Sondershausen,51.368,10.87
St Petersburg,59.934,30.336
Stockholm,59.329,18.069
Strasbourg,48.583,7.746
Stuttgart,48.776,9.183
Sutomore,42.142,19.047
Thessaloniki,40.64,22.944
Trieste,45.649,13.777
Trikala,39.555,21.767
Tulcea,45.179,28.805
Udine,46.062,13.235
Ulcinj,41.929,19.224
Valletta,35.899,14.514
Varna,43.214,27.915
Venice,45.438,12.336
Verona,45.438,10.993
Vienna,48.208,16.373
Volos,39.362,22.942
Vranje,42.551,21.9
Warsaw,52.23,21.012
Weimar,50.979,11.33
Wiesbaden,50.078,8.24
Wittenberg,51.866,12.649
Würzburg,49.791,9.953
Zakynthos,37.781,20.896
