place,date,expected_holder
Strasbourg,1870-06-01,France|French
Strasbourg,1872-06-01,German
Metz,1872-06-01,German
Belfort,1872-06-01,France|French
Mulhouse,1872-06-01,German
Nice,1850-06-01,Sardinia
Nice,1861-06-01,France|French
Chambéry,1850-06-01,Sardinia
Chambéry,1861-06-01,France|French
Menton,1840-06-01,Monaco
Menton,1862-06-01,France|French
Milan,1858-06-01,Austria
Milan,1860-06-01,Sardinia
Venice,1865-06-01,Austria
Venice,1867-06-01,Italy
Rome,1869-06-01,Papal
Rome,1871-06-01,Italy
Florence,1850-06-01,Tuscany
Florence,1862-06-01,Italy
Naples,1850-06-01,Two Sicilies
Naples,1862-06-01,Italy
Bologna,1850-06-01,Papal
Bologna,1862-06-01,Italy
Perugia,1859-06-01,Papal
Perugia,1862-06-01,Italy
Flensburg,1860-06-01,Denmark|Schleswig
Flensburg,1868-06-01,Prussia|North German
Kiel,1860-06-01,Denmark|Holstein
Kiel,1868-06-01,Prussia|North German
Haderslev,1870-06-01,Prussia|North German
Hanover,1860-06-01,Hanover
Hanover,1867-05-01,Prussia
Frankfurt,1860-06-01,Frankfurt
Frankfurt,1867-05-01,Prussia
Kassel,1860-06-01,Hesse
Kassel,1867-05-01,Prussia
Wiesbaden,1860-06-01,Nassau
Wiesbaden,1867-05-01,Prussia
Munich,1808-06-01,Bavaria
Munich,1815-06-01,Bavaria
Munich,1850-06-01,Bavaria
Munich,1880-06-01,German
Stuttgart,1808-06-01,Württemberg
Stuttgart,1850-06-01,Württemberg
Karlsruhe,1808-06-01,Baden
Karlsruhe,1850-06-01,Baden
Würzburg,1808-06-01,Würzburg|Wurzburg
Würzburg,1820-06-01,Bavaria
Gotha,1820-06-01,Saxe
Gotha,1840-06-01,Saxe
Weimar,1820-06-01,Saxe
Weimar,1840-06-01,Saxe
Innsbruck,1811-06-01,Bavaria
Innsbruck,1820-06-01,Austria
Salzburg,1811-06-01,Bavaria
Salzburg,1820-06-01,Austria
Landau,1810-06-01,France|French
Landau,1820-06-01,Bavaria
Saarlouis,1815-01-01,France
Saarlouis,1817-06-01,Prussia
Geneva,1810-06-01,France|French
Geneva,1820-06-01,Switzerland
Neuchâtel,1830-06-01,Switzerland|Prussia|Neuchâtel
Neuchâtel,1860-06-01,Switzerland
Philippeville,1817-06-01,Netherlands
Maastricht,1835-06-01,Netherlands
Maastricht,1845-06-01,Netherlands
Arlon,1835-06-01,Belgium|Luxembourg
Arlon,1845-06-01,Belgium
Luxembourg,1850-06-01,Luxembourg
Brussels,1820-06-01,Netherlands
Brussels,1835-06-01,Belgium
Helsinki,1805-06-01,Sweden
Helsinki,1815-06-01,Russia|Finland
Oslo,1810-06-01,Denmark
Oslo,1820-06-01,Norway
Warsaw,1810-06-01,Warsaw
Warsaw,1820-06-01,Poland|Russia
Warsaw,1880-06-01,Russia|Poland
Poznań,1810-06-01,Warsaw
Poznań,1820-06-01,Prussia
Gdańsk,1810-06-01,Danzig
Gdańsk,1820-06-01,Prussia
Kraków,1830-06-01,Cracow|Kraków|Krakow
Kraków,1850-06-01,Austria
Dubrovnik,1805-06-01,Ragusa
Dubrovnik,1812-06-01,France|French
Dubrovnik,1820-06-01,Austria
Ljubljana,1812-06-01,France|French
Ljubljana,1820-06-01,Austria
Trieste,1812-06-01,France|French
Trieste,1880-06-01,Austria
Chișinău,1810-06-01,Ottoman|Moldavia
Chișinău,1815-06-01,Russia
Izmail,1850-06-01,Russia
Izmail,1860-06-01,Moldavia|Romanian|Ottoman
Izmail,1880-06-01,Russia
Bucharest,1820-06-01,Wallachia|Ottoman
Bucharest,1870-06-01,Romanian|Ottoman
Bucharest,1885-06-01,Romania
Iași,1805-06-01,Moldavia|Ottoman
Constanța,1875-06-01,Ottoman
Constanța,1880-06-01,Romania
Belgrade,1850-06-01,Serbia|Ottoman
Belgrade,1870-06-01,Serbia
Niš,1875-06-01,Ottoman
Niš,1880-06-01,Serbia
Pirot,1880-06-01,Serbia
Podgorica,1875-06-01,Ottoman
Podgorica,1880-06-01,Montenegro
Ulcinj,1878-01-01,Ottoman
Ulcinj,1882-06-01,Montenegro
Sarajevo,1880-06-01,Austria|Ottoman
Sofia,1880-06-01,Bulgaria
Sofia,1890-06-01,Bulgaria
Plovdiv,1880-06-01,Rumelia|Ottoman
Plovdiv,1890-06-01,Bulgaria
Varna,1880-06-01,Bulgaria
Silistra,1880-06-01,Bulgaria
Edirne,1880-06-01,Ottoman
Thessaloniki,1880-06-01,Ottoman
Athens,1835-06-01,Greece
Nafplio,1829-06-01,Greece|Hellenic
Larissa,1880-06-01,Ottoman
Larissa,1882-06-01,Greece
Arta,1882-06-01,Greece
Corfu,1860-06-01,Ionian
Corfu,1865-06-01,Greece
Heraklion,1880-06-01,Ottoman
Heraklion,1899-06-01,Cretan
Nicosia,1880-06-01,Cyprus|United Kingdom|Ottoman
Heligoland,1880-06-01,Heligoland|United Kingdom
Heligoland,1891-06-01,German
Olivenza,1800-06-01,Portugal
Olivenza,1802-06-01,Spain
Valletta,1820-06-01,Malta
London,1850-06-01,United Kingdom
Paris,1850-06-01,French
Madrid,1850-06-01,Spain
Lisbon,1850-06-01,Portugal
Berlin,1850-06-01,Prussia
Vienna,1850-06-01,Austria
St Petersburg,1850-06-01,Russia
Stockholm,1850-06-01,Sweden
Copenhagen,1850-06-01,Denmark
Istanbul,1850-06-01,Ottoman
Bern,1850-06-01,Switzerland
Amsterdam,1850-06-01,Netherlands
Dublin,1850-06-01,United Kingdom
Budapest,1850-06-01,Austria
Riga,1850-06-01,Russia
Cologne,1810-06-01,France|French
Cologne,1820-06-01,Prussia
Hamburg,1811-06-01,France|French
Hamburg,1850-06-01,Hamburg
Dresden,1850-06-01,Saxony
Wittenberg,1812-06-01,Saxony
Wittenberg,1816-06-01,Prussia
Görlitz,1812-06-01,Saxony
Görlitz,1816-06-01,Prussia
